B029,921.625,1642427454800782,5.66959299202533,-56.0
B029,921.625,1642427454807635,5.675728915176872,-56.5
B029,921.625,1642427454818376,5.66959299202533,-56.5
B029,921.625,1642427454829532,5.651185222570702,-56.0
B029,921.625,1642427454838754,5.626641529964532,-56.0
B029,921.625,1642427454846852,5.675728915176872,-56.0
B029,921.625,1642427454854449,5.651185222570702,-56.0
B029,921.625,1642427454969963,5.6573211457222445,-56.0
B029,921.625,1642427454977623,5.663457068873787,-56.5
B029,921.625,1642427454988068,5.681864838328415,-56.5
B029,921.625,1642427454995238,5.663457068873787,-56.5
B029,921.625,1642427455000789,5.663457068873787,-56.5
B029,921.625,1642427455014745,5.66959299202533,-56.5
B029,921.625,1642427455022586,5.6573211457222445,-56.0
B029,921.625,1642427455141136,5.663457068873787,-56.0
B029,921.625,1642427455148594,5.6573211457222445,-56.5
B029,921.625,1642427455159193,5.6573211457222445,-56.0
B029,921.625,1642427455166502,5.681864838328415,-56.5
B029,921.625,1642427455176320,5.681864838328415,-56.5
B029,921.625,1642427455182849,5.632777453116074,-56.5
B029,921.625,1642427455195057,5.663457068873787,-56.5
B029,921.625,1642427455201001,5.66959299202533,-56.5
B029,921.625,1642427455311305,5.6941366846315,-56.0
B029,921.625,1642427455321007,5.675728915176872,-56.0
B029,921.625,1642427455330569,5.663457068873787,-56.0
B029,921.625,1642427455340301,5.66959299202533,-56.0
B029,921.625,1642427455345449,5.688000761479957,-56.5
B029,921.625,1642427455357859,5.66959299202533,-56.0
B029,921.625,1642427455364980,5.675728915176872,-56.0
B029,921.625,1642427455483984,5.663457068873787,-56.0
B029,921.625,1642427455488754,5.64504929941916,-56.5
B029,921.625,1642427455499331,5.6941366846315,-56.5
B029,921.625,1642427455507561,5.64504929941916,-56.5
B029,921.625,1642427455516515,5.675728915176872,-56.0
B029,921.625,1642427455526154,5.663457068873787,-56.5
B029,921.625,1642427455537656,5.632777453116074,-56.0
B029,921.625,1642427455611041,5.651185222570702,-56.5
B029,921.625,1642427455619220,5.6573211457222445,-56.0
B029,920.625,1642427455634652,5.21553467881118,-56.0
B029,920.625,1642427455645567,5.252350217720435,-55.5
B029,920.625,1642427455655850,5.26462206402352,-56.0
B029,920.625,1642427455663937,5.252350217720435,-56.0
B029,920.625,1642427455669370,5.26462206402352,-55.5
B029,920.625,1642427455680955,5.240078371417351,-55.5
B029,920.625,1642427455689648,5.270757987175063,-55.5
B029,920.625,1642427455699884,5.26462206402352,-56.0
B029,920.625,1642427455706804,5.258486140871978,-55.5
B029,920.625,1642427455715373,5.26462206402352,-56.0
B029,920.625,1642427455726354,5.227806525114265,-55.5
B029,920.625,1642427455734590,5.258486140871978,-55.5
B029,920.625,1642427455744232,5.258486140871978,-56.0
B029,920.625,1642427455751124,5.252350217720435,-55.5
B029,920.625,1642427455760808,5.2768939103266055,-55.5
B029,920.625,1642427455771385,5.246214294568893,-55.5
B029,920.625,1642427455780779,5.307573526084319,-55.5
B029,920.625,1642427455788933,5.2339424482658075,-55.5
B029,920.625,1642427455796222,5.26462206402352,-55.5
B029,920.625,1642427455805691,5.26462206402352,-55.5
B029,920.625,1642427455813296,5.246214294568893,-56.0
B029,920.625,1642427455826630,5.289165756629691,-55.5
B029,920.625,1642427455830874,5.252350217720435,-55.5
B029,920.625,1642427455844384,5.246214294568893,-55.5
B029,920.625,1642427455851355,5.26462206402352,-56.0
B029,920.625,1642427455857658,5.258486140871978,-55.5
B029,920.625,1642427455866558,5.270757987175063,-56.0
B029,920.625,1642427455875524,5.301437602932776,-56.0
B029,920.625,1642427455883973,5.246214294568893,-55.5
B029,920.625,1642427455893916,5.227806525114265,-55.5
B029,920.625,1642427455906813,5.21553467881118,-55.5
B029,920.625,1642427455912526,5.295301679781233,-56.0
B029,920.625,1642427455920382,5.270757987175063,-56.0
B029,920.625,1642427455932423,5.184855063053467,-55.0
B029,920.625,1642427455939532,5.26462206402352,-55.0
B029,920.625,1642427455952118,5.270757987175063,-55.0
B029,920.625,1642427455960466,5.3198453723874035,-55.5
B029,920.625,1642427455966166,5.21553467881118,-55.5
B029,920.625,1642427455977817,5.203262832508095,-55.0
B029,920.625,1642427455986829,5.2339424482658075,-56.0
B029,920.625,1642427455997353,5.221670601962723,-55.5
B029,920.625,1642427456005521,5.258486140871978,-55.5
B029,920.625,1642427456012281,5.295301679781233,-56.0
B029,920.625,1642427456024270,5.2768939103266055,-56.0
B029,920.625,1642427456031458,5.289165756629691,-56.0
B029,920.625,1642427456037561,5.2768939103266055,-55.5
B029,920.625,1642427456046251,5.246214294568893,-56.0
B029,920.625,1642427456056007,5.2339424482658075,-55.5
B029,920.625,1642427456066794,5.240078371417351,-55.5
B029,920.625,1642427456076504,5.221670601962723,-55.5
B029,920.625,1642427456086901,5.2768939103266055,-55.5
B029,920.625,1642427456093912,5.295301679781233,-55.5
B029,920.625,1642427456103638,5.227806525114265,-56.0
B029,920.625,1642427456109501,5.2768939103266055,-55.5
B029,920.625,1642427456120802,5.2339424482658075,-55.5
B029,920.625,1642427456127096,5.209398755659637,-55.0
B029,920.625,1642427456138834,5.26462206402352,-55.5
B029,920.625,1642427456147156,5.2339424482658075,-56.0
B029,920.625,1642427456156574,5.301437602932776,-55.5
B029,920.625,1642427456166786,5.203262832508095,-55.5
B029,920.625,1642427456174606,5.221670601962723,-55.5
B029,920.625,1642427456186599,5.240078371417351,-55.5
B029,920.625,1642427456195560,5.246214294568893,-55.5
B029,920.625,1642427456204569,5.270757987175063,-56.0
B029,920.625,1642427456210195,5.252350217720435,-55.5
B029,920.625,1642427456219896,5.270757987175063,-55.5
B029,920.625,1642427456228335,5.283029833478148,-55.5
B029,920.625,1642427456236669,5.258486140871978,-55.5
B029,920.625,1642427456248862,5.240078371417351,-55.5
B029,920.625,1642427456254073,5.289165756629691,-56.0
B029,920.625,1642427456266189,5.2339424482658075,-56.0
B029,920.625,1642427456275799,5.246214294568893,-55.5
B029,920.625,1642427456281949,5.178719139901925,-55.5
B029,920.625,1642427456290417,5.227806525114265,-55.5
B029,920.625,1642427456301139,5.221670601962723,-55.5
B029,920.625,1642427456310528,5.2339424482658075,-55.5
B029,920.625,1642427456320512,5.252350217720435,-55.5
B029,920.625,1642427456327749,5.258486140871978,-55.5
B029,920.625,1642427456338000,5.26462206402352,-55.5
B029,920.625,1642427456346953,5.246214294568893,-55.5
B029,920.625,1642427456353165,5.270757987175063,-55.5
B029,920.625,1642427456362362,5.227806525114265,-55.5
B029,920.625,1642427456374818,5.21553467881118,-55.5
B029,920.625,1642427456384350,5.301437602932776,-56.0
B029,920.625,1642427456390233,5.227806525114265,-55.5
B029,920.625,1642427456399144,5.2339424482658075,-56.0
B029,920.625,1642427456409141,5.26462206402352,-55.5
B029,920.625,1642427456418363,5.3627968344482015,-56.0
B029,920.625,1642427456424367,5.240078371417351,-55.5
B029,920.625,1642427456436292,5.289165756629691,-55.5
B029,920.625,1642427456444954,5.252350217720435,-56.0
B029,920.625,1642427456456238,5.240078371417351,-56.0
B029,920.625,1642427456461293,5.190990986205009,-56.0
B029,920.625,1642427456470927,5.2339424482658075,-55.5
B029,920.625,1642427456481756,5.246214294568893,-55.5
B029,920.625,1642427456491353,5.166447293598839,-56.0
B029,920.625,1642427456499694,5.203262832508095,-55.5
B029,920.625,1642427456511327,5.295301679781233,-55.5
B029,920.625,1642427456518263,5.258486140871978,-55.5
B029,920.625,1642427456528015,5.2768939103266055,-55.5
B029,920.625,1642427456536692,5.246214294568893,-55.5
B029,920.625,1642427456545421,5.258486140871978,-55.5
B029,920.625,1642427456553460,5.246214294568893,-56.0
B029,920.625,1642427456562677,5.26462206402352,-56.0
B029,920.625,1642427456572782,5.2768939103266055,-56.0
B029,920.625,1642427456582640,5.295301679781233,-55.5
B029,920.625,1642427456590872,5.227806525114265,-55.5
B029,920.625,1642427456596187,5.240078371417351,-55.5
B029,920.625,1642427456606077,5.258486140871978,-55.5
B029,920.625,1642427456614281,5.240078371417351,-55.5
B029,920.625,1642427456625213,5.270757987175063,-56.0
B029,920.625,1642427456635509,5.258486140871978,-55.5
B029,920.625,1642427456645238,5.197126909356552,-55.5
B029,920.625,1642427456654766,5.283029833478148,-56.0
B029,920.625,1642427456662906,5.2339424482658075,-55.5
B029,920.625,1642427456673053,5.2339424482658075,-55.5
B029,920.625,1642427456678846,5.252350217720435,-55.5
B029,920.625,1642427456686511,5.240078371417351,-55.5
B029,920.625,1642427456699736,5.227806525114265,-55.5
B029,920.625,1642427456705930,5.252350217720435,-55.5
B029,920.625,1642427456716773,5.289165756629691,-56.0
B029,920.625,1642427456725208,5.258486140871978,-56.0
B029,920.625,1642427456734639,5.2768939103266055,-55.5
B029,920.625,1642427456740628,5.246214294568893,-55.5
B029,920.625,1642427456752155,5.26462206402352,-55.5
B029,920.625,1642427456762435,5.26462206402352,-56.0
B029,920.625,1642427456767331,5.270757987175063,-56.0
B029,920.625,1642427456779440,5.252350217720435,-55.5
B029,920.625,1642427456785917,5.252350217720435,-55.5
B029,920.625,1642427456797310,5.283029833478148,-55.5
B029,920.625,1642427456807078,5.26462206402352,-56.0
B029,920.625,1642427456815465,5.26462206402352,-55.5
B029,920.625,1642427456823029,5.246214294568893,-55.5
B029,920.625,1642427456834395,5.240078371417351,-56.0
B029,920.625,1642427456842046,5.2768939103266055,-55.5
B029,920.625,1642427456851261,5.289165756629691,-55.5
B029,920.625,1642427456861494,5.246214294568893,-55.5
B029,920.625,1642427456868063,5.258486140871978,-55.5
B029,920.625,1642427456877191,5.283029833478148,-56.0
B029,920.625,1642427456884791,5.2339424482658075,-55.5
B029,920.625,1642427456893710,5.26462206402352,-55.5
B029,920.625,1642427456906439,5.325981295538946,-56.0
B029,920.625,1642427456915945,5.252350217720435,-55.5
B029,920.625,1642427456924003,5.26462206402352,-55.5
B029,920.625,1642427456933228,5.26462206402352,-55.5
B029,920.625,1642427456942882,5.227806525114265,-55.5
B029,920.625,1642427456950034,5.332117218690489,-56.0
B029,920.625,1642427456959381,5.221670601962723,-55.0
B029,920.625,1642427456969463,5.258486140871978,-55.0
B029,920.625,1642427456978261,5.295301679781233,-55.5
B029,920.625,1642427456988471,5.258486140871978,-55.5
B029,920.625,1642427456996856,5.270757987175063,-55.5
B029,920.625,1642427457006085,5.2339424482658075,-55.5
B029,920.625,1642427457013459,5.307573526084319,-55.5
B029,920.625,1642427457021090,5.2339424482658075,-55.5
B029,920.625,1642427457032422,5.2339424482658075,-55.0
B029,920.625,1642427457042698,5.3198453723874035,-55.5
B029,920.625,1642427457051680,5.209398755659637,-55.5
B029,920.625,1642427457057373,5.2768939103266055,-56.0
B029,920.625,1642427457068714,5.240078371417351,-55.5
B029,920.625,1642427457078525,5.240078371417351,-55.5
B029,920.625,1642427457087413,5.246214294568893,-55.5
B029,920.625,1642427457096350,5.283029833478148,-55.5
B029,920.625,1642427457103482,5.246214294568893,-55.5
B029,920.625,1642427457111549,5.203262832508095,-55.5
B029,920.625,1642427457121099,5.2768939103266055,-56.0
B029,920.625,1642427457131542,5.2339424482658075,-55.5
B029,920.625,1642427457140569,5.2339424482658075,-56.0
B029,920.625,1642427457147854,5.270757987175063,-55.5
B029,920.625,1642427457156433,5.240078371417351,-55.5
B029,920.625,1642427457168989,5.26462206402352,-55.5
B029,920.625,1642427457176262,5.26462206402352,-56.0
B029,920.625,1642427457184346,5.289165756629691,-55.5
B029,920.625,1642427457191432,5.295301679781233,-55.5
B029,920.625,1642427457204361,5.307573526084319,-56.0
B029,920.625,1642427457213207,5.21553467881118,-55.5
B029,920.625,1642427457221524,5.227806525114265,-55.5
B029,920.625,1642427457229889,5.252350217720435,-56.0
B029,920.625,1642427457236502,5.227806525114265,-55.5
B029,920.625,1642427457248592,5.2339424482658075,-55.5
B029,920.625,1642427457257461,5.246214294568893,-55.5
B029,920.625,1642427457264641,5.2339424482658075,-55.5
B029,920.625,1642427457275092,5.270757987175063,-56.0
B029,920.625,1642427457283843,5.252350217720435,-56.0
B029,920.625,1642427457293794,5.2768939103266055,-55.5
B029,920.625,1642427457300252,5.258486140871978,-55.5
B029,920.625,1642427457309500,5.258486140871978,-55.5
B029,920.625,1642427457317904,5.289165756629691,-56.0
B029,920.625,1642427457327724,5.190990986205009,-55.5
B029,920.625,1642427457339136,5.2768939103266055,-56.0
B029,920.625,1642427457347725,5.283029833478148,-56.0
B029,920.625,1642427457354606,5.26462206402352,-55.5
B029,920.625,1642427457366997,5.270757987175063,-56.0
B029,920.625,1642427457373983,5.2768939103266055,-55.5
B029,920.625,1642427457383396,5.258486140871978,-55.5
B029,920.625,1642427457391865,5.301437602932776,-55.5
B029,920.625,1642427457402093,5.2339424482658075,-55.0
B029,920.625,1642427457409943,5.270757987175063,-55.5
B029,920.625,1642427457417722,5.258486140871978,-56.0
B029,920.625,1642427457428232,5.270757987175063,-55.5
B029,920.625,1642427457436942,5.240078371417351,-55.5
B029,920.625,1642427457445664,5.252350217720435,-55.5
B029,920.625,1642427457455441,5.26462206402352,-55.5
B029,920.625,1642427457460876,5.252350217720435,-55.5
B029,920.625,1642427457469485,5.252350217720435,-56.0
B029,920.625,1642427457481394,5.258486140871978,-55.5
B029,920.625,1642427457487612,5.240078371417351,-55.5
B029,920.625,1642427457498355,5.270757987175063,-55.0
B029,920.625,1642427457509712,5.252350217720435,-55.5
B029,920.625,1642427457519604,5.221670601962723,-55.5
B029,921.125,1642427457533930,5.436427912266712,-56.0
B029,921.125,1642427457540919,5.448699758569798,-56.0
B029,921.125,1642427457552309,5.418020142812084,-56.0
B029,921.125,1642427457561035,5.47937937432751,-56.0
B029,921.125,1642427457566538,5.473243451175968,-56.0
B029,921.125,1642427457580053,5.4671075280244255,-56.0
B029,921.125,1642427457589001,5.45483568172134,-56.0
B029,921.125,1642427457594321,5.485515297479052,-56.5
B029,921.125,1642427457604563,5.473243451175968,-56.5
B029,921.125,1642427457615938,5.448699758569798,-56.0
B029,921.125,1642427457626197,5.442563835418255,-56.0
B029,921.125,1642427457630024,5.47937937432751,-56.5
B029,921.125,1642427457639095,5.442563835418255,-56.0
B029,921.125,1642427457651363,5.485515297479052,-56.5
B029,921.125,1642427457657877,5.418020142812084,-56.0
B029,921.125,1642427457670206,5.448699758569798,-56.0
B029,921.125,1642427457677668,5.442563835418255,-56.5
B029,921.125,1642427457686687,5.47937937432751,-56.0
B029,921.125,1642427457697337,5.4671075280244255,-56.0
B029,921.125,1642427457706761,5.436427912266712,-56.5
B029,921.125,1642427457712640,5.424156065963627,-56.5
B029,921.125,1642427457724744,5.43029198911517,-56.5
B029,921.125,1642427457733174,5.47937937432751,-56.5
B029,921.125,1642427457742784,5.448699758569798,-56.5
B029,921.125,1642427457751692,5.436427912266712,-56.0
B029,921.125,1642427457760385,5.436427912266712,-56.5
B029,921.125,1642427457767970,5.460971604872882,-56.5
B029,921.125,1642427457777426,5.448699758569798,-56.0
B029,921.125,1642427457785618,5.442563835418255,-56.5
B029,921.125,1642427457796960,5.448699758569798,-56.0
B029,921.125,1642427457806787,5.45483568172134,-56.0
B029,921.125,1642427457811352,5.448699758569798,-56.5
B029,921.125,1642427457820684,5.4671075280244255,-56.5
B029,921.125,1642427457832717,5.45483568172134,-56.0
B029,921.125,1642427457841255,5.45483568172134,-56.0
B029,921.125,1642427457849776,5.436427912266712,-56.0
B029,921.125,1642427457859969,5.448699758569798,-56.5
B029,921.125,1642427457867863,5.448699758569798,-56.0
B029,921.125,1642427457877462,5.460971604872882,-56.0
B029,921.125,1642427457886192,5.442563835418255,-56.0
B029,921.125,1642427457895117,5.460971604872882,-56.5
B029,921.125,1642427457904676,5.460971604872882,-56.0
B029,921.125,1642427457913369,5.45483568172134,-56.0
B029,921.125,1642427457922419,5.45483568172134,-56.5
B029,921.125,1642427457927695,5.4671075280244255,-56.0
B029,921.125,1642427457941480,5.45483568172134,-56.0
B029,921.125,1642427457947643,5.43029198911517,-56.0
B029,921.125,1642427457959441,5.424156065963627,-56.0
B029,921.125,1642427457967142,5.448699758569798,-56.0
B029,921.125,1642427457973467,5.50392306693368,-56.5
B029,921.125,1642427457985877,5.47937937432751,-56.0
B029,921.125,1642427457992677,5.4671075280244255,-56.5
B029,921.125,1642427458001314,5.442563835418255,-56.0
B029,921.125,1642427458009203,5.460971604872882,-56.0
B029,921.125,1642427458021922,5.448699758569798,-56.0
B029,921.125,1642427458028235,5.424156065963627,-56.5
B029,921.125,1642427458039270,5.448699758569798,-56.5
B029,921.125,1642427458047119,5.436427912266712,-56.0
B029,921.125,1642427458055730,5.473243451175968,-56.0
B029,921.125,1642427458066329,5.473243451175968,-56.5
B029,921.125,1642427458072415,5.436427912266712,-56.5
B029,921.125,1642427458084906,5.460971604872882,-56.0
B029,921.125,1642427458091146,5.43029198911517,-56.0
B029,921.125,1642427458099271,5.4671075280244255,-56.0
B029,921.125,1642427458109036,5.424156065963627,-56.0
B029,921.125,1642427458118950,5.448699758569798,-56.5
B029,921.125,1642427458126281,5.497787143782138,-56.5
B029,921.125,1642427458137659,5.436427912266712,-56.5
B029,921.125,1642427458145457,5.460971604872882,-56.5
B029,921.125,1642427458155039,5.4671075280244255,-56.0
B029,921.125,1642427458162848,5.43029198911517,-56.5
B029,921.125,1642427458174237,5.436427912266712,-56.0
B029,921.125,1642427458183261,5.436427912266712,-56.5
B029,921.125,1642427458188995,5.436427912266712,-56.5
B029,921.125,1642427458197992,5.424156065963627,-56.0
B029,921.125,1642427458208046,5.491651220630596,-56.0
B029,921.125,1642427458218337,5.47937937432751,-56.0
B029,921.125,1642427458226841,5.4671075280244255,-56.0
B029,921.125,1642427458241499,5.424156065963627,-56.0
B029,921.125,1642427458250537,5.442563835418255,-56.0
B029,921.125,1642427458260725,5.43029198911517,-56.0
B029,921.125,1642427458268836,5.43029198911517,-56.0
B029,921.125,1642427458278581,5.448699758569798,-56.0
B029,921.125,1642427458285239,5.45483568172134,-56.0
B029,921.125,1642427458294779,5.47937937432751,-56.0
B029,921.125,1642427458303719,5.4671075280244255,-56.5
B029,921.125,1642427458309912,5.436427912266712,-56.0
B029,921.125,1642427458319615,5.448699758569798,-56.5
B029,921.125,1642427458331591,5.424156065963627,-56.0
B029,921.125,1642427458336504,5.485515297479052,-56.5
B029,921.125,1642427458345925,5.448699758569798,-56.5
B029,921.125,1642427458356236,5.436427912266712,-56.0
B029,921.125,1642427458367496,5.436427912266712,-56.0
B029,921.125,1642427458373438,5.460971604872882,-56.0
B029,921.125,1642427458382571,5.448699758569798,-56.0
B029,921.125,1642427458395179,5.442563835418255,-56.0
B029,921.125,1642427458402162,5.448699758569798,-56.0
B029,921.125,1642427458411571,5.424156065963627,-56.0
B029,921.125,1642427458419978,5.45483568172134,-56.5
B029,921.125,1642427458428091,5.460971604872882,-56.0
B029,921.125,1642427458438343,5.460971604872882,-56.0
B029,921.125,1642427458445931,5.473243451175968,-56.5
B029,921.125,1642427458456383,5.45483568172134,-56.0
B029,921.125,1642427458462939,5.460971604872882,-56.5
B029,921.125,1642427458471349,5.448699758569798,-56.5
B029,921.125,1642427458482533,5.45483568172134,-56.5
B029,921.125,1642427458492172,5.45483568172134,-56.0
B029,921.125,1642427458497786,5.485515297479052,-56.5
B029,921.125,1642427458510739,5.4671075280244255,-56.0
B029,921.125,1642427458520199,5.45483568172134,-56.5
B029,921.125,1642427458531398,5.45483568172134,-56.0
B029,921.125,1642427458539997,5.460971604872882,-56.0
B029,921.125,1642427458550947,5.45483568172134,-56.0
B029,921.125,1642427458560838,5.43029198911517,-56.0
B029,921.125,1642427458572565,5.460971604872882,-56.0
B029,921.125,1642427458582406,5.43029198911517,-56.0
B029,921.125,1642427458587412,5.460971604872882,-56.5
B029,921.125,1642427458601460,5.424156065963627,-56.5
B029,921.125,1642427458610646,5.418020142812084,-56.0
B029,921.125,1642427458617910,5.448699758569798,-56.5
B029,921.125,1642427458630106,5.4671075280244255,-56.0
B029,921.125,1642427458639645,5.448699758569798,-56.0
B029,921.125,1642427458648765,5.442563835418255,-56.0
B029,921.125,1642427458656898,5.43029198911517,-56.0
B029,921.125,1642427458663459,5.436427912266712,-56.0
B029,921.125,1642427458675118,5.436427912266712,-56.0
B029,921.125,1642427458685566,5.473243451175968,-56.0
B029,921.125,1642427458691283,5.411884219660542,-56.0
B029,921.125,1642427458703810,5.436427912266712,-56.0
B029,921.125,1642427458712142,5.45483568172134,-56.5
B029,921.125,1642427458717895,5.442563835418255,-56.5
B029,921.125,1642427458731344,5.43029198911517,-56.5
B029,921.125,1642427458740205,5.411884219660542,-56.0
B029,921.125,1642427458746969,5.442563835418255,-56.0
B029,921.125,1642427458757000,5.497787143782138,-56.5
B029,921.125,1642427458763530,5.43029198911517,-56.0
B029,921.125,1642427458774874,5.436427912266712,-56.5
B029,921.125,1642427458782059,5.460971604872882,-56.0
B029,921.125,1642427458792835,5.411884219660542,-56.5
B029,921.125,1642427458799425,5.43029198911517,-56.0
B029,921.125,1642427458810052,5.424156065963627,-56.0
B029,921.125,1642427458818973,5.460971604872882,-56.0
B029,921.125,1642427458827253,5.448699758569798,-56.0
B029,921.125,1642427458839021,5.411884219660542,-56.0
B029,921.125,1642427458844080,5.4671075280244255,-56.0
B029,921.125,1642427458855827,5.45483568172134,-56.0
B029,921.125,1642427458862795,5.448699758569798,-56.0
B029,921.125,1642427458871256,5.497787143782138,-56.0
B029,921.125,1642427458880685,5.436427912266712,-56.5
B029,921.125,1642427458888646,5.442563835418255,-56.0
B029,921.125,1642427458901150,5.45483568172134,-56.0
B029,921.125,1642427458908696,5.436427912266712,-56.0
B029,921.125,1642427458917892,5.45483568172134,-56.0
B029,921.125,1642427458926396,5.442563835418255,-56.0
B029,921.125,1642427458935620,5.473243451175968,-56.5
B029,921.125,1642427458944719,5.436427912266712,-56.5
B029,921.125,1642427458955070,5.448699758569798,-56.5
B029,921.125,1642427458964136,5.460971604872882,-56.5
B029,921.125,1642427458974053,5.448699758569798,-56.5
B029,921.125,1642427458979943,5.448699758569798,-56.5
B029,921.125,1642427458990290,5.45483568172134,-56.0
B029,921.125,1642427459000640,5.448699758569798,-56.0
B029,921.125,1642427459009180,5.473243451175968,-56.0
B029,921.125,1642427459020166,5.50392306693368,-56.5
B029,921.125,1642427459025915,5.4671075280244255,-56.0
B029,921.125,1642427459034763,5.45483568172134,-56.0
B029,921.125,1642427459046475,5.43029198911517,-56.5
B029,921.125,1642427459056474,5.436427912266712,-56.0
B029,921.125,1642427459066196,5.424156065963627,-56.0
B029,921.125,1642427459073510,5.448699758569798,-56.0
B029,921.125,1642427459083198,5.448699758569798,-56.0
B029,921.125,1642427459094103,5.448699758569798,-56.5
B029,921.125,1642427459101122,5.460971604872882,-56.0
B029,921.125,1642427459110404,5.436427912266712,-56.5
B029,921.125,1642427459120781,5.460971604872882,-56.0
B029,921.125,1642427459129528,5.405748296509,-56.5
B029,921.125,1642427459138906,5.448699758569798,-56.0
B029,921.125,1642427459147693,5.424156065963627,-56.0
B029,921.125,1642427459154555,5.45483568172134,-56.5
B029,921.125,1642427459166651,5.460971604872882,-56.5
B029,921.125,1642427459172859,5.45483568172134,-56.5
B029,921.125,1642427459186512,5.442563835418255,-56.0
B029,921.125,1642427459192617,5.460971604872882,-56.0
B029,921.125,1642427459201571,5.448699758569798,-56.0
B029,921.125,1642427459208916,5.45483568172134,-56.0
B029,921.125,1642427459219480,5.411884219660542,-56.0
B029,921.125,1642427459229691,5.47937937432751,-56.0
B029,921.125,1642427459236617,5.436427912266712,-56.0
B029,921.125,1642427459247370,5.45483568172134,-56.0
B029,921.125,1642427459257888,5.442563835418255,-56.0
B029,921.125,1642427459266016,5.442563835418255,-56.0
B029,921.125,1642427459274353,5.473243451175968,-56.5
B029,921.125,1642427459283764,5.448699758569798,-56.5
B029,921.125,1642427459293277,5.4671075280244255,-56.5
B029,921.125,1642427459298356,5.473243451175968,-56.5
B029,921.125,1642427459310465,5.424156065963627,-56.5
B029,921.125,1642427459321103,5.448699758569798,-56.5
B029,921.125,1642427459329159,5.460971604872882,-56.0
B029,921.125,1642427459334314,5.448699758569798,-56.0
B029,921.125,1642427459345760,5.491651220630596,-56.0
B029,921.125,1642427459355291,5.442563835418255,-56.0
B029,921.125,1642427459363407,5.411884219660542,-56.0
B029,921.125,1642427459373674,5.436427912266712,-56.5
B029,921.125,1642427459383617,5.45483568172134,-56.0
B029,921.125,1642427459389926,5.448699758569798,-56.0
B029,921.125,1642427459401714,5.47937937432751,-56.5
B029,921.625,1642427459504793,5.66959299202533,-56.0
B029,921.625,1642427459517459,5.66959299202533,-56.5
B029,921.625,1642427459525254,5.632777453116074,-56.5
B029,921.625,1642427459535577,5.6143696836614465,-56.5
B029,921.625,1642427459541775,5.651185222570702,-56.0
B029,921.625,1642427459661487,5.626641529964532,-56.0
B029,921.625,1642427459669219,5.675728915176872,-56.5
B029,921.625,1642427459676872,5.6573211457222445,-56.0
B029,921.625,1642427459685197,5.632777453116074,-56.0
B029,921.625,1642427459697665,5.66959299202533,-56.0
B029,921.625,1642427459703025,5.6573211457222445,-56.0
B029,921.625,1642427459838090,5.663457068873787,-56.5
B029,921.625,1642427459848111,5.724816300389213,-56.0
B029,921.625,1642427459857347,5.663457068873787,-56.0
B029,921.625,1642427459864958,5.688000761479957,-56.5
B029,921.625,1642427459872597,5.688000761479957,-56.0
B029,921.625,1642427459988656,5.681864838328415,-56.5
B029,921.625,1642427459999283,5.66959299202533,-56.5
B029,921.625,1642427460005157,5.681864838328415,-56.0
B029,921.625,1642427460015414,5.638913376267617,-56.0
B029,921.625,1642427460026560,5.663457068873787,-56.0
B029,921.625,1642427460035570,5.66959299202533,-56.0
B029,921.625,1642427460155298,5.632777453116074,-56.0
B029,921.625,1642427460162675,5.681864838328415,-56.0
B029,921.625,1642427460174486,5.638913376267617,-56.0
B029,921.625,1642427460180740,5.632777453116074,-56.0
B029,921.625,1642427460193909,5.651185222570702,-56.0
B029,921.625,1642427460198713,5.651185222570702,-56.5
B029,921.625,1642427460210285,5.681864838328415,-56.0
B029,921.625,1642427460330259,5.64504929941916,-56.0
B029,921.625,1642427460334096,5.6143696836614465,-56.0
B029,921.625,1642427460344923,5.632777453116074,-56.0
B029,921.625,1642427460354105,5.681864838328415,-56.5
B029,921.625,1642427460364987,5.66959299202533,-56.5
B029,921.625,1642427460373141,5.6573211457222445,-56.0
B029,921.625,1642427460379560,5.651185222570702,-56.5
B029,921.625,1642427460501678,5.66959299202533,-56.5
B029,921.625,1642427460511473,5.6573211457222445,-56.0
B029,921.625,1642427460517664,5.681864838328415,-56.5
B029,921.625,1642427460529333,5.675728915176872,-56.0
B029,921.625,1642427460538251,5.6573211457222445,-56.0
B029,921.625,1642427460546355,5.651185222570702,-56.0
B029,921.625,1642427460554845,5.663457068873787,-56.5
B029,921.625,1642427460670314,5.66959299202533,-56.0
B029,921.625,1642427460674299,5.6573211457222445,-56.0
B029,921.625,1642427460686620,5.688000761479957,-56.0
B029,921.625,1642427460696378,5.6573211457222445,-56.5
B029,921.625,1642427460704227,5.651185222570702,-56.0
B029,921.625,1642427460712878,5.6573211457222445,-56.0
B029,921.625,1642427460721320,5.626641529964532,-56.5
B029,921.625,1642427460840534,5.681864838328415,-56.0
B029,921.625,1642427460850859,5.64504929941916,-56.5
B029,921.625,1642427460860845,5.675728915176872,-56.0
B029,921.625,1642427460866992,5.675728915176872,-56.0
B029,921.625,1642427460874286,5.626641529964532,-56.0
B029,921.625,1642427460886671,5.66959299202533,-56.0
B029,921.625,1642427460891805,5.681864838328415,-56.0
B029,921.625,1642427461023205,5.675728915176872,-56.0
B029,921.625,1642427461029891,5.688000761479957,-56.5
B029,921.625,1642427461040401,5.64504929941916,-56.0
B029,921.625,1642427461049097,5.66959299202533,-56.0
B029,921.625,1642427461056298,5.681864838328415,-56.5
B029,921.625,1642427461069243,5.66959299202533,-56.0
B029,921.625,1642427461188437,5.6573211457222445,-56.5
B029,921.625,1642427461197549,5.688000761479957,-56.0
B029,921.625,1642427461206759,5.663457068873787,-56.5
B029,921.625,1642427461216152,5.663457068873787,-56.5
B029,921.625,1642427461225561,5.66959299202533,-56.0
B029,921.625,1642427461233382,5.688000761479957,-56.0
B029,921.625,1642427461304848,5.66959299202533,-56.0
B029,922.125,1642427461365173,5.8475347634200645,-56.0
B029,922.125,1642427461376481,5.822991070813893,-56.5
B029,922.125,1642427461382143,5.8045833013592665,-56.0
B029,922.125,1642427461392169,5.853670686571607,-56.0
B029,922.125,1642427461399865,5.829126993965437,-56.0
B029,922.125,1642427461410346,5.8475347634200645,-56.0
B029,922.125,1642427461522336,5.853670686571607,-56.0
B029,922.125,1642427461529750,5.822991070813893,-56.0
B029,922.125,1642427461540094,5.822991070813893,-56.0
B029,922.125,1642427461546583,5.810719224510809,-56.0
B029,922.125,1642427461558836,5.829126993965437,-56.0
B029,922.125,1642427461567079,5.859806609723149,-56.0
B029,922.125,1642427461573118,5.8475347634200645,-56.0
B029,922.125,1642427461701067,5.816855147662351,-56.0
B029,922.125,1642427461709730,5.822991070813893,-56.0
B029,922.125,1642427461715725,5.8475347634200645,-56.0
B029,922.125,1642427461725755,5.835262917116979,-56.0
B029,922.125,1642427461733113,5.8475347634200645,-56.0
B029,922.125,1642427461744538,5.8475347634200645,-56.0
B029,922.125,1642427461870720,5.8475347634200645,-56.0
B029,922.125,1642427461881565,5.859806609723149,-56.0
B029,922.125,1642427461890496,5.841398840268521,-56.5
B029,922.125,1642427461897773,5.841398840268521,-56.0
B029,922.125,1642427461907350,5.835262917116979,-56.0
B029,922.125,1642427461916096,5.841398840268521,-56.0
B029,922.125,1642427462035527,5.853670686571607,-55.5
B029,922.125,1642427462042257,5.841398840268521,-56.0
B029,922.125,1642427462053102,5.8045833013592665,-56.5
B029,922.125,1642427462060316,5.841398840268521,-55.5
B029,922.125,1642427462069009,5.841398840268521,-56.0
B029,922.125,1642427462076844,5.853670686571607,-56.0
B029,922.125,1642427462084638,5.835262917116979,-55.5
B029,922.125,1642427462207770,5.816855147662351,-56.0
B029,922.125,1642427462212486,5.859806609723149,-56.0
B029,922.125,1642427462222545,5.8475347634200645,-55.5
B029,922.125,1642427462229628,5.798447378207723,-56.0
B029,922.125,1642427462240607,5.8475347634200645,-56.5
B029,922.125,1642427462249958,5.841398840268521,-56.0
B029,922.125,1642427462259732,5.829126993965437,-56.0
B029,922.125,1642427462389051,5.8475347634200645,-56.0
B029,922.125,1642427462396315,5.835262917116979,-56.0
B029,922.125,1642427462408181,5.822991070813893,-56.0
B029,922.125,1642427462415771,5.822991070813893,-56.0
B029,922.125,1642427462426657,5.859806609723149,-55.5
B029,922.125,1642427462550677,5.841398840268521,-56.0
B029,922.125,1642427462560901,5.822991070813893,-56.0
B029,922.125,1642427462568535,5.853670686571607,-55.5
B029,922.125,1642427462579012,5.8475347634200645,-56.0
B029,922.125,1642427462585963,5.853670686571607,-56.0
B029,922.125,1642427462596064,5.835262917116979,-56.0
B029,922.125,1642427462711891,5.822991070813893,-56.0
B029,922.125,1642427462722914,5.878214379177777,-56.0
B029,922.125,1642427462731916,5.853670686571607,-56.0
B029,922.125,1642427462739083,5.829126993965437,-56.0
B029,922.125,1642427462745584,5.8475347634200645,-56.0
B029,922.125,1642427462756682,5.8475347634200645,-56.0
B029,922.125,1642427462764557,5.8475347634200645,-56.0
B029,922.125,1642427462898284,5.835262917116979,-56.0
B029,922.125,1642427462905267,5.853670686571607,-56.0
B029,922.125,1642427462915276,5.822991070813893,-56.0
B029,922.125,1642427462925340,5.841398840268521,-56.0
B029,922.125,1642427462932937,5.872078456026235,-56.0
B029,922.125,1642427463061774,5.798447378207723,-55.5
B029,922.125,1642427463072384,5.822991070813893,-56.0
B029,922.125,1642427463076871,5.853670686571607,-56.0
B029,922.125,1642427463090451,5.859806609723149,-56.0
B029,922.125,1642427463095457,5.835262917116979,-56.5
B029,922.125,1642427463103192,5.822991070813893,-56.0
B029,922.125,1642427463114954,5.829126993965437,-56.0
B029,922.125,1642427463211675,5.816855147662351,-56.0
B029,922.125,1642427463219555,5.853670686571607,-56.0
B029,922.625,1642427463234881,6.007068765360171,-56.0
B029,922.625,1642427463244250,5.988660995905543,-56.0
B029,922.625,1642427463256330,6.025476534814798,-56.0
B029,922.625,1642427463266125,6.025476534814798,-56.0
B029,922.625,1642427463273845,6.007068765360171,-56.0
B029,922.625,1642427463281471,6.056156150572511,-56.0
B029,922.625,1642427463290489,6.037748381117884,-56.0
B029,922.625,1642427463297333,6.037748381117884,-56.5
B029,922.625,1642427463311605,6.043884304269426,-56.5
B029,922.625,1642427463321994,6.031612457966341,-56.0
B029,922.625,1642427463329892,6.025476534814798,-56.0
B029,922.625,1642427463336781,6.025476534814798,-56.0
B029,922.625,1642427463354935,6.056156150572511,-56.0
B029,922.625,1642427463362944,6.050020227420969,-56.5
B029,922.625,1642427463371457,6.031612457966341,-56.0
B029,922.625,1642427463385122,6.007068765360171,-56.0
B029,922.625,1642427463389547,6.037748381117884,-56.5
B029,922.625,1642427463400461,6.019340611663256,-56.0
B029,922.625,1642427463411794,6.013204688511713,-56.5
B029,922.625,1642427463416325,5.988660995905543,-56.0
B029,922.625,1642427463425052,5.988660995905543,-56.5
B029,922.625,1642427463437998,6.013204688511713,-56.0
B029,922.625,1642427463446340,6.037748381117884,-56.5
B029,922.625,1642427463455358,6.025476534814798,-56.5
B029,922.625,1642427463464371,6.043884304269426,-56.5
B029,922.625,1642427463474390,6.062292073724054,-56.5
B029,922.625,1642427463480850,6.007068765360171,-56.0
B029,922.625,1642427463490225,5.994796919057086,-56.0
B029,922.625,1642427463502453,6.050020227420969,-56.0
B029,922.625,1642427463511769,6.019340611663256,-56.5
B029,922.625,1642427463520389,6.000932842208628,-56.0
B029,922.625,1642427463528539,6.019340611663256,-56.0
B029,922.625,1642427463540409,6.013204688511713,-56.0
B029,922.625,1642427463548472,6.019340611663256,-56.0
B029,922.625,1642427463557427,5.994796919057086,-56.5
B029,922.625,1642427463566774,5.988660995905543,-56.5
B029,922.625,1642427463573864,5.982525072754001,-56.5
B029,922.625,1642427463581954,5.976389149602458,-56.0
B029,922.625,1642427463592218,6.013204688511713,-56.0
B029,922.625,1642427463603139,6.025476534814798,-56.5
B029,922.625,1642427463609041,6.025476534814798,-56.5
B029,922.625,1642427463620606,6.037748381117884,-56.5
B029,922.625,1642427463628178,6.043884304269426,-56.0
B029,922.625,1642427463639419,6.043884304269426,-56.0
B029,922.625,1642427463646957,5.970253226450915,-56.5
B029,922.625,1642427463657999,6.037748381117884,-56.5
B029,922.625,1642427463669617,5.95798138014783,-56.0
B029,922.625,1642427463678927,5.994796919057086,-56.5
B029,922.625,1642427463687113,6.025476534814798,-56.0
B029,922.625,1642427463694648,6.031612457966341,-56.0
B029,922.625,1642427463711612,6.019340611663256,-56.0
B029,922.625,1642427463720808,6.019340611663256,-56.0
B029,922.625,1642427463725800,5.994796919057086,-56.5
B029,922.625,1642427463741176,6.025476534814798,-56.5
B029,922.625,1642427463747934,6.007068765360171,-56.5
B029,922.625,1642427463759103,6.025476534814798,-56.5
B029,922.625,1642427463768292,6.031612457966341,-56.0
B029,922.625,1642427463777493,5.994796919057086,-56.5
B029,922.625,1642427463784453,6.019340611663256,-56.5
B029,922.625,1642427463795776,6.031612457966341,-56.0
B029,922.625,1642427463803642,6.043884304269426,-56.0
B029,922.625,1642427463813719,6.019340611663256,-56.5
B029,922.625,1642427463823825,6.025476534814798,-56.5
B029,922.625,1642427463833051,6.025476534814798,-56.0
B029,922.625,1642427463841077,6.025476534814798,-56.0
B029,922.625,1642427463848635,6.043884304269426,-56.0
B029,922.625,1642427463856886,6.025476534814798,-56.5
B029,922.625,1642427463864231,6.019340611663256,-56.0
B029,922.625,1642427463878057,5.994796919057086,-56.0
B029,922.625,1642427463886145,6.019340611663256,-56.5
B029,922.625,1642427463894247,6.043884304269426,-56.5
B029,922.625,1642427463904454,6.050020227420969,-56.0
B029,922.625,1642427463911009,6.000932842208628,-56.5
B029,922.625,1642427463918404,6.025476534814798,-56.5
B029,922.625,1642427463932206,6.031612457966341,-56.0
B029,922.625,1642427463940531,6.037748381117884,-56.5
B029,922.625,1642427463947062,6.025476534814798,-56.5
B029,922.625,1642427463957791,6.007068765360171,-56.0
B029,922.625,1642427463964942,6.000932842208628,-56.0
B029,922.625,1642427463974073,6.031612457966341,-56.5
B029,922.625,1642427463983179,6.031612457966341,-56.5
B029,922.625,1642427463991292,6.007068765360171,-56.5
B029,922.625,1642427464003274,5.994796919057086,-56.5
B029,922.625,1642427464010776,5.988660995905543,-56.0
B029,922.625,1642427464023629,6.037748381117884,-56.5
B029,922.625,1642427464034013,6.043884304269426,-56.5
B029,922.625,1642427464042244,6.025476534814798,-56.0
B029,922.625,1642427464051254,6.037748381117884,-56.0
B029,922.625,1642427464062214,6.007068765360171,-56.5
B029,922.625,1642427464069940,6.050020227420969,-56.0
B029,922.625,1642427464079308,6.031612457966341,-56.0
B029,922.625,1642427464085552,6.000932842208628,-56.0
B029,922.625,1642427464096111,6.037748381117884,-56.5
B029,922.625,1642427464106709,6.019340611663256,-56.0
B029,922.625,1642427464115446,6.031612457966341,-56.5
B029,922.625,1642427464124077,6.013204688511713,-56.5
B029,922.625,1642427464134636,6.013204688511713,-56.5
B029,922.625,1642427464144156,6.031612457966341,-56.0
B029,922.625,1642427464169278,6.013204688511713,-56.5
B029,922.625,1642427464179171,6.019340611663256,-56.0
B029,922.625,1642427464186475,5.994796919057086,-56.0
B029,922.625,1642427464203180,6.000932842208628,-56.5
B029,922.625,1642427464211675,5.988660995905543,-56.5
B029,922.625,1642427464222789,6.007068765360171,-56.5
B029,922.625,1642427464234378,6.031612457966341,-56.5
B029,922.625,1642427464244052,5.982525072754001,-56.5
B029,922.625,1642427464252723,6.068427996875596,-56.5
B029,922.625,1642427464258321,6.007068765360171,-56.5
B029,922.625,1642427464271876,6.019340611663256,-56.0
B029,922.625,1642427464280600,6.050020227420969,-56.0
B029,922.625,1642427464289898,6.013204688511713,-56.0
B029,922.625,1642427464297178,6.031612457966341,-56.0
B029,922.625,1642427464308352,6.000932842208628,-56.0
B029,922.625,1642427464317642,6.031612457966341,-56.5
B029,922.625,1642427464324469,6.056156150572511,-56.0
B029,922.625,1642427464332869,6.013204688511713,-56.5
B029,922.625,1642427464342380,6.007068765360171,-56.5
B029,922.625,1642427464354345,6.025476534814798,-56.0
B029,922.625,1642427464363156,6.000932842208628,-56.0
B029,922.625,1642427464370835,6.019340611663256,-56.5
B029,922.625,1642427464380682,6.050020227420969,-56.0
B029,922.625,1642427464388002,6.031612457966341,-56.5
B029,922.625,1642427464398228,6.031612457966341,-56.5
B029,922.625,1642427464405981,6.013204688511713,-56.5
B029,922.625,1642427464412843,6.000932842208628,-56.0
B029,922.625,1642427464424367,6.031612457966341,-56.0
B029,922.625,1642427464433913,6.037748381117884,-56.0
B029,922.625,1642427464443696,6.013204688511713,-56.0
B029,922.625,1642427464451484,6.019340611663256,-56.5
B029,922.625,1642427464458317,6.013204688511713,-56.0
B029,922.625,1642427464470777,6.019340611663256,-56.0
B029,922.625,1642427464478805,6.031612457966341,-56.5
B029,922.625,1642427464487762,6.025476534814798,-56.0
B029,922.625,1642427464496709,6.043884304269426,-56.0
B029,922.625,1642427464504832,5.994796919057086,-56.0
B029,922.625,1642427464516808,6.019340611663256,-56.5
B029,922.625,1642427464522923,6.025476534814798,-56.0
B029,922.625,1642427464531675,6.025476534814798,-56.0
B029,922.625,1642427464541938,6.025476534814798,-56.0
B029,922.625,1642427464549252,6.007068765360171,-56.0
B029,922.625,1642427464558073,5.982525072754001,-56.0
B029,922.625,1642427464569083,6.019340611663256,-56.5
B029,922.625,1642427464578640,5.988660995905543,-56.5
B029,922.625,1642427464585260,6.031612457966341,-56.5
B029,922.625,1642427464595589,6.037748381117884,-56.5
B029,922.625,1642427464603620,6.000932842208628,-56.5
B029,922.625,1642427464612560,6.043884304269426,-56.0
B029,922.625,1642427464623868,6.019340611663256,-56.5
B029,922.625,1642427464633139,6.013204688511713,-56.0
B029,922.625,1642427464642916,6.056156150572511,-56.0
B029,922.625,1642427464652118,6.025476534814798,-56.0
B029,922.625,1642427464658607,6.013204688511713,-56.5
B029,922.625,1642427464671260,6.025476534814798,-56.5
B029,922.625,1642427464681011,6.025476534814798,-56.0
B029,922.625,1642427464685544,6.037748381117884,-56.0
B029,922.625,1642427464698864,6.007068765360171,-56.0
B029,922.625,1642427464707026,6.025476534814798,-56.5
B029,922.625,1642427464712678,5.95798138014783,-56.0
B029,922.625,1642427464723257,6.019340611663256,-56.0
B029,922.625,1642427464731675,6.000932842208628,-56.5
B029,922.625,1642427464742741,6.007068765360171,-56.0
B029,922.625,1642427464751447,6.050020227420969,-56.0
B029,922.625,1642427464759920,6.025476534814798,-56.0
B029,922.625,1642427464771090,6.062292073724054,-56.0
B029,922.625,1642427464774959,6.025476534814798,-56.0
B029,922.625,1642427464784910,6.007068765360171,-56.0
B029,922.625,1642427464796946,6.019340611663256,-56.0
B029,922.625,1642427464803317,6.031612457966341,-56.0
B029,922.625,1642427464815331,6.013204688511713,-56.0
B029,922.625,1642427464823641,6.013204688511713,-56.5
B029,922.625,1642427464832549,5.976389149602458,-56.0
B029,922.625,1642427464850921,6.043884304269426,-56.5
B029,922.625,1642427464859674,6.013204688511713,-56.0
B029,922.625,1642427464873734,6.019340611663256,-56.0
B029,922.625,1642427464884605,5.994796919057086,-56.0
B029,922.625,1642427464893262,5.95798138014783,-56.0
B029,922.625,1642427464903776,6.007068765360171,-56.5
B029,922.625,1642427464912682,6.050020227420969,-56.0
B029,922.625,1642427464930898,6.068427996875596,-56.0
B029,922.625,1642427464945826,6.043884304269426,-56.0
B029,922.625,1642427464952439,6.056156150572511,-56.5
B029,922.625,1642427464962119,6.031612457966341,-56.5
B029,922.625,1642427464970791,6.007068765360171,-56.0
B029,922.625,1642427464979680,6.031612457966341,-56.0
B029,922.625,1642427464987312,6.025476534814798,-56.0
B029,922.625,1642427464995900,6.025476534814798,-56.0
B029,922.625,1642427465005209,6.037748381117884,-56.5
B029,922.625,1642427465014689,6.037748381117884,-56.0
B029,922.625,1642427465023179,6.013204688511713,-56.5
B029,922.625,1642427465032136,6.000932842208628,-56.0
B029,922.625,1642427465042074,6.025476534814798,-56.0
B029,922.625,1642427465049407,6.019340611663256,-56.5
B029,922.625,1642427465060611,6.037748381117884,-56.5
B029,922.625,1642427465066370,6.050020227420969,-56.5
B029,922.625,1642427465079372,6.025476534814798,-56.0
B029,922.625,1642427465086130,6.000932842208628,-56.5
B029,922.625,1642427465095864,6.037748381117884,-56.0
B029,923.125,1642427465131467,6.166602767300278,-56.5
B029,923.125,1642427465139564,6.19728238305799,-56.5
B029,923.125,1642427465149792,6.19728238305799,-56.5
B029,923.125,1642427465157896,6.191146459906448,-57.0
B029,923.125,1642427465165924,6.191146459906448,-57.0
B029,923.125,1642427465175772,6.19728238305799,-56.5
B029,923.125,1642427465284274,6.215690152512618,-56.5
B029,923.125,1642427465295227,6.19728238305799,-56.5
B029,923.125,1642427465302784,6.191146459906448,-56.5
B029,923.125,1642427465312305,6.191146459906448,-57.0
B029,923.125,1642427465321214,6.166602767300278,-56.0
B029,923.125,1642427465329998,6.1850105367549055,-56.5
B029,923.125,1642427465461710,6.166602767300278,-57.0
B029,923.125,1642427465472045,6.191146459906448,-56.5
B029,923.125,1642427465479206,6.17273869045182,-57.0
B029,923.125,1642427465487052,6.1420590746941075,-56.5
B029,923.125,1642427465497055,6.166602767300278,-57.0
B029,923.125,1642427465506212,6.2034183062095325,-56.5
B029,923.125,1642427465633563,6.2034183062095325,-56.5
B029,923.125,1642427465644514,6.2034183062095325,-57.0
B029,923.125,1642427465651131,6.22182607566416,-56.5
B029,923.125,1642427465663752,6.17273869045182,-56.5
B029,923.125,1642427465669778,6.209554229361076,-56.5
B029,923.125,1642427465680577,6.22182607566416,-56.5
B029,923.125,1642427465800740,6.215690152512618,-56.5
B029,923.125,1642427465807982,6.215690152512618,-56.5
B029,923.125,1642427465817745,6.227961998815704,-56.5
B029,923.125,1642427465826975,6.1850105367549055,-56.5
B029,923.125,1642427465836401,6.178874613603362,-56.5
B029,923.125,1642427465842924,6.19728238305799,-57.0
B029,923.125,1642427465851122,6.215690152512618,-56.5
B029,923.125,1642427465975935,6.160466844148735,-56.0
B029,923.125,1642427465983991,6.1850105367549055,-56.5
B029,923.125,1642427465991725,6.19728238305799,-56.5
B029,923.125,1642427466001254,6.191146459906448,-56.5
B029,923.125,1642427466012428,6.1850105367549055,-57.0
B029,923.125,1642427466018671,6.17273869045182,-56.5
B029,923.125,1642427466026068,6.209554229361076,-56.5
B029,923.125,1642427466150564,6.191146459906448,-56.5
B029,923.125,1642427466157096,6.2034183062095325,-56.5
B029,923.125,1642427466167762,6.1850105367549055,-56.5
B029,923.125,1642427466176091,6.178874613603362,-56.5
B029,923.125,1642427466186324,6.19728238305799,-56.5
B029,923.125,1642427466195586,6.19728238305799,-56.5
B029,923.125,1642427466322552,6.1850105367549055,-56.5
B029,923.125,1642427466333051,6.19728238305799,-56.5
B029,923.125,1642427466340887,6.191146459906448,-56.5
B029,923.125,1642427466350298,6.191146459906448,-56.5
B029,923.125,1642427466359809,6.178874613603362,-56.5
B029,923.125,1642427466367054,6.17273869045182,-56.5
B029,923.125,1642427466499671,6.2034183062095325,-56.5
B029,923.125,1642427466510237,6.166602767300278,-56.5
B029,923.125,1642427466519099,6.178874613603362,-56.5
B029,923.125,1642427466527470,6.178874613603362,-56.5
B029,923.125,1642427466538315,6.17273869045182,-56.5
B029,923.125,1642427466546127,6.22182607566416,-57.0
B029,923.125,1642427466676005,6.1850105367549055,-57.0
B029,923.125,1642427466685443,6.166602767300278,-56.5
B029,923.125,1642427466692382,6.1850105367549055,-57.0
B029,923.125,1642427466704393,6.191146459906448,-56.5
B029,923.125,1642427466712164,6.2034183062095325,-56.5
B029,923.125,1642427466720779,6.19728238305799,-56.5
B029,923.125,1642427466836337,6.166602767300278,-56.5
B029,923.125,1642427466845251,6.191146459906448,-56.5
B029,923.125,1642427466853144,6.19728238305799,-57.0
B029,923.125,1642427466861948,6.1850105367549055,-56.5
B029,923.125,1642427466870661,6.22182607566416,-57.0
B029,923.125,1642427466876206,6.191146459906448,-56.5
B029,923.125,1642427466885399,6.215690152512618,-56.5
B029,923.625,1642427467029706,0.0674951546669682,-56.5
B029,923.625,1642427467039712,0.07363107781851053,-57.0
B029,923.625,1642427467049154,0.07976700097005374,-56.5
B029,923.625,1642427467057203,0.09203884727313838,-57.0
B029,923.625,1642427467066626,0.0674951546669682,-57.0
B029,923.625,1642427467179964,0.07363107781851053,-57.0
B029,923.625,1642427467187661,0.03681553890925571,-57.0
B029,923.625,1642427467197435,0.07363107781851053,-57.0
B029,923.625,1642427467206653,0.06135923151542588,-57.0
B029,923.625,1642427467216268,0.06135923151542588,-57.0
B029,923.625,1642427467221921,0.08590292412159606,-57.0
B029,923.625,1642427467229764,0.07976700097005374,-57.0
B029,923.625,1642427467353312,0.06135923151542588,-57.0
B029,923.625,1642427467363013,0.07363107781851053,-57.0
B029,923.625,1642427467373583,0.024543692606170175,-56.5
B029,923.625,1642427467383234,0.07976700097005374,-57.0
B029,923.625,1642427467391329,0.06135923151542588,-56.5
B029,923.625,1642427467401371,0.05522330836388267,-57.0
B029,923.625,1642427467533501,0.06135923151542588,-57.0
B029,923.625,1642427467540013,0.06135923151542588,-56.5
B029,923.625,1642427467550579,0.07976700097005374,-56.5
B029,923.625,1642427467559457,0.05522330836388267,-56.5
B029,923.625,1642427467566563,0.06135923151542588,-56.5
B029,923.625,1642427467576785,0.07976700097005374,-57.0
B029,923.625,1642427467585727,0.0674951546669682,-56.5
B029,923.625,1642427467593615,0.09203884727313838,-57.0
B029,923.625,1642427467710479,0.09203884727313838,-57.0
B029,923.625,1642427467715222,0.07976700097005374,-57.0
B029,923.625,1642427467725471,0.09203884727313838,-57.0
B029,923.625,1642427467735575,0.07363107781851053,-56.5
B029,923.625,1642427467742068,0.04908738521234035,-57.0
B029,923.625,1642427467755110,0.09203884727313838,-56.5
B029,923.625,1642427467762425,0.09203884727313838,-57.0
B029,923.625,1642427467877692,0.0981747704246807,-57.0
B029,923.625,1642427467885765,0.0981747704246807,-57.0
B029,923.625,1642427467891740,0.05522330836388267,-57.0
B029,923.625,1642427467901211,0.05522330836388267,-56.5
B029,923.625,1642427467909929,0.07363107781851053,-57.0
B029,923.625,1642427468036834,0.0981747704246807,-56.5
B029,923.625,1642427468045369,0.11658253987930856,-56.5
B029,923.625,1642427468052520,0.0674951546669682,-56.5
B029,923.625,1642427468061926,0.09203884727313838,-56.5
B029,923.625,1642427468071653,0.10431069357622391,-57.0
B029,923.625,1642427468079774,0.08590292412159606,-57.0
B029,923.625,1642427468200240,0.10431069357622391,-56.5
B029,923.625,1642427468206718,0.07976700097005374,-56.5
B029,923.625,1642427468215678,0.07976700097005374,-57.0
B029,923.625,1642427468227448,0.08590292412159606,-57.0
B029,923.625,1642427468233380,0.08590292412159606,-57.0
B029,923.625,1642427468245567,0.07976700097005374,-56.5
B029,923.625,1642427468371941,0.0674951546669682,-56.5
B029,923.625,1642427468384452,0.09203884727313838,-57.0
B029,923.625,1642427468390980,0.0674951546669682,-57.0
B029,923.625,1642427468398943,0.09203884727313838,-57.0
B029,923.625,1642427468408807,0.07976700097005374,-57.0
B029,923.625,1642427468416766,0.0674951546669682,-57.0
B029,923.625,1642427468429113,0.06135923151542588,-57.0
B029,923.625,1642427468549722,0.08590292412159606,-57.0
B029,923.625,1642427468557438,0.0674951546669682,-57.0
B029,923.625,1642427468567182,0.10431069357622391,-57.0
B029,923.625,1642427468573513,0.09203884727313838,-57.0
B029,923.625,1642427468582920,0.07363107781851053,-57.0
B029,923.625,1642427468594283,0.03681553890925571,-56.5
B029,923.625,1642427468721782,0.06135923151542588,-57.0
B029,923.625,1642427468731800,0.0674951546669682,-56.5
B029,923.625,1642427468740468,0.0674951546669682,-57.0
B029,923.625,1642427468747244,0.07363107781851053,-56.5
B029,923.625,1642427468757780,0.07976700097005374,-57.0
B029,923.625,1642427468764860,0.11044661672776623,-56.5
B029,923.625,1642427468894618,0.07976700097005374,-56.5
B029,923.625,1642427468903740,0.07363107781851053,-56.5
B029,923.625,1642427468914280,0.08590292412159606,-57.0
B029,924.125,1642427468931123,0.20862138715244694,-56.5
B029,924.125,1642427468939165,0.25157284921324496,-56.5
B029,924.125,1642427469065049,0.2270291566070748,-57.0
B029,924.125,1642427469075079,0.23930100291016032,-56.5
B029,924.125,1642427469082091,0.22089323345553247,-56.5
B029,924.125,1642427469093208,0.19021361769781908,-56.5
B029,924.125,1642427469101299,0.24543692606170264,-56.5
B029,924.125,1642427469109086,0.2638446955163305,-56.5
B029,924.125,1642427469117585,0.2270291566070748,-56.5
B029,924.125,1642427469240126,0.2331650797586171,-56.5
B029,924.125,1642427469248453,0.27611654181941514,-56.5
B029,924.125,1642427469257096,0.2577087723647873,-56.5
B029,924.125,1642427469269108,0.27611654181941514,-56.5
B029,924.125,1642427469276038,0.2331650797586171,-56.5
B029,924.125,1642427469284803,0.2638446955163305,-56.5
B029,924.125,1642427469293683,0.2331650797586171,-56.5
B029,924.125,1642427469408569,0.2638446955163305,-56.5
B029,924.125,1642427469417513,0.24543692606170264,-56.5
B029,924.125,1642427469427466,0.2331650797586171,-56.5
B029,924.125,1642427469437309,0.25157284921324496,-56.5
B029,924.125,1642427469445743,0.25157284921324496,-56.0
B029,924.125,1642427469454208,0.25157284921324496,-56.5
B029,924.125,1642427469462155,0.24543692606170264,-56.5
B029,924.125,1642427469591243,0.25157284921324496,-56.5
B029,924.125,1642427469597122,0.23930100291016032,-56.5
B029,924.125,1642427469608210,0.23930100291016032,-56.5
B029,924.125,1642427469617758,0.24543692606170264,-56.5
B029,924.125,1642427469625416,0.21475731030399015,-56.5
B029,924.125,1642427469636257,0.25157284921324496,-56.5
B029,924.125,1642427469762753,0.294524311274043,-57.0
B029,924.125,1642427469774054,0.2699806186678728,-56.5
B029,924.125,1642427469779806,0.27611654181941514,-57.0
B029,924.125,1642427469792327,0.2577087723647873,-56.5
B029,924.125,1642427469797295,0.2638446955163305,-57.0
B029,924.125,1642427469809364,0.2577087723647873,-56.5
B029,924.125,1642427469930820,0.2699806186678728,-56.5
B029,924.125,1642427469941912,0.25157284921324496,-56.5
B029,924.125,1642427469951543,0.25157284921324496,-56.5
B029,924.125,1642427469960716,0.25157284921324496,-56.5
B029,924.125,1642427469970465,0.25157284921324496,-56.0
B029,924.125,1642427469975032,0.24543692606170264,-56.5
B029,924.125,1642427470097712,0.27611654181941514,-56.5
B029,924.125,1642427470104709,0.2331650797586171,-56.5
B029,924.125,1642427470114485,0.24543692606170264,-56.5
B029,924.125,1642427470122814,0.2270291566070748,-56.5
B029,924.125,1642427470128732,0.28225246497095835,-56.5
B029,924.125,1642427470140820,0.22089323345553247,-56.5
B029,924.125,1642427470147281,0.2331650797586171,-56.5
B029,924.125,1642427470276639,0.25157284921324496,-56.5
B029,924.125,1642427470285250,0.2024854640009046,-56.5
B029,924.125,1642427470296034,0.2577087723647873,-56.0
B029,924.125,1642427470303627,0.2270291566070748,-56.5
B029,924.125,1642427470315730,0.2577087723647873,-56.5
B029,924.125,1642427470323529,0.23930100291016032,-56.5
B029,924.125,1642427470448513,0.23930100291016032,-56.5
B029,924.125,1642427470455163,0.27611654181941514,-56.5
B029,924.125,1642427470466549,0.20862138715244694,-56.5
B029,924.125,1642427470475920,0.2577087723647873,-56.5
B029,924.125,1642427470485234,0.2638446955163305,-56.5
B029,924.125,1642427470493504,0.2699806186678728,-56.5
B029,924.125,1642427470623203,0.2331650797586171,-56.0
B029,924.125,1642427470631697,0.2331650797586171,-56.5
B029,924.125,1642427470640439,0.2699806186678728,-56.5
B029,924.125,1642427470649931,0.23930100291016032,-56.5
B029,924.125,1642427470660935,0.28838838812250067,-56.5
B029,924.125,1642427470667372,0.2331650797586171,-56.0
B029,924.125,1642427470789918,0.24543692606170264,-56.5
B029,924.125,1642427470795566,0.24543692606170264,-56.5
B029,924.125,1642427470805925,0.2331650797586171,-56.5
B029,924.125,1642427470814659,0.25157284921324496,-56.5
B029,920.625,1642427470831640,5.270757987175063,-55.5
B029,920.625,1642427470841237,5.258486140871978,-55.5
B029,920.625,1642427470847985,5.338253141842031,-55.5
B029,920.625,1642427470858167,5.283029833478148,-55.5
B029,920.625,1642427470863703,5.301437602932776,-55.5
B029,920.625,1642427470877066,5.295301679781233,-55.5
B029,920.625,1642427470886256,5.240078371417351,-55.5
B029,920.625,1642427470894552,5.252350217720435,-55.5
B029,920.625,1642427470901773,5.258486140871978,-55.5
B029,920.625,1642427470910227,5.252350217720435,-55.5
B029,920.625,1642427470921607,5.252350217720435,-55.5
B029,920.625,1642427470931370,5.246214294568893,-56.0
B029,920.625,1642427470940932,5.270757987175063,-55.5
B029,920.625,1642427470948135,5.197126909356552,-55.5
B029,920.625,1642427470958414,5.2339424482658075,-55.0
B029,920.625,1642427470966475,5.2768939103266055,-55.5
B029,920.625,1642427470972009,5.283029833478148,-55.5
B029,920.625,1642427470985802,5.283029833478148,-55.5
B029,920.625,1642427470992464,5.283029833478148,-55.5
B029,920.625,1642427471002514,5.2768939103266055,-55.5
B029,920.625,1642427471009023,5.270757987175063,-55.5
B029,920.625,1642427471020354,5.289165756629691,-55.5
B029,920.625,1642427471027934,5.289165756629691,-55.5
B029,920.625,1642427471037929,5.270757987175063,-55.5
B029,920.625,1642427471043440,5.295301679781233,-56.0
B029,920.625,1642427471054814,5.221670601962723,-55.0
B029,920.625,1642427471062440,5.258486140871978,-55.5
B029,920.625,1642427471073050,5.252350217720435,-55.5
B029,920.625,1642427471083154,5.258486140871978,-55.0
B029,920.625,1642427471091696,5.3198453723874035,-56.0
B029,920.625,1642427471101715,5.283029833478148,-55.5
B029,920.625,1642427471108390,5.301437602932776,-55.5
B029,920.625,1642427471118421,5.258486140871978,-55.0
B029,920.625,1642427471128660,5.26462206402352,-56.0
B029,920.625,1642427471137377,5.2339424482658075,-55.5
B029,920.625,1642427471143540,5.26462206402352,-55.0
B029,920.625,1642427471155237,5.338253141842031,-55.5
B029,920.625,1642427471161032,5.26462206402352,-55.5
B029,920.625,1642427471170418,5.258486140871978,-55.5
B029,920.625,1642427471181513,5.283029833478148,-55.0
B029,920.625,1642427471190935,5.26462206402352,-55.5
B029,920.625,1642427471201077,5.26462206402352,-56.0
B029,920.625,1642427471205922,5.240078371417351,-55.5
B029,920.625,1642427471214127,5.240078371417351,-55.5
B029,920.625,1642427471223533,5.258486140871978,-55.5
B029,920.625,1642427471234862,5.252350217720435,-55.5
B029,920.625,1642427471245761,5.283029833478148,-56.0
B029,920.625,1642427471251421,5.270757987175063,-56.0
B029,920.625,1642427471259771,5.283029833478148,-55.5
B029,920.625,1642427471272802,5.2768939103266055,-55.5
B029,920.625,1642427471280207,5.301437602932776,-55.5
B029,920.625,1642427471288384,5.270757987175063,-55.5
B029,920.625,1642427471298409,5.258486140871978,-55.0
B029,920.625,1642427471307777,5.283029833478148,-55.5
B029,920.625,1642427471313429,5.227806525114265,-55.5
B029,920.625,1642427471325552,5.270757987175063,-55.5
B029,920.625,1642427471333647,5.289165756629691,-55.5
B029,920.625,1642427471339885,5.26462206402352,-55.5
B029,920.625,1642427471348602,5.313709449235861,-55.5
B029,920.625,1642427471361091,5.283029833478148,-55.5
B029,920.625,1642427471370015,5.289165756629691,-55.0
B029,920.625,1642427471380425,5.221670601962723,-55.5
B029,920.625,1642427471388778,5.338253141842031,-55.5
B029,920.625,1642427471395980,5.258486140871978,-55.5
B029,920.625,1642427471403313,5.283029833478148,-55.0
B029,920.625,1642427471414877,5.313709449235861,-55.5
B029,920.625,1642427471422534,5.270757987175063,-55.0
B029,920.625,1642427471431486,5.246214294568893,-55.5
B029,920.625,1642427471442534,5.26462206402352,-55.5
B029,920.625,1642427471452250,5.270757987175063,-56.0
B029,920.625,1642427471458436,5.209398755659637,-55.5
B029,920.625,1642427471466608,5.289165756629691,-55.5
B029,920.625,1642427471477572,5.344389064993574,-55.5
B029,920.625,1642427471484703,5.197126909356552,-55.5
B029,920.625,1642427471496312,5.258486140871978,-55.5
B029,920.625,1642427471504585,5.2768939103266055,-55.5
B029,920.625,1642427471512462,5.227806525114265,-55.5
B029,920.625,1642427471523085,5.301437602932776,-55.5
B029,920.625,1642427471529629,5.270757987175063,-55.5
B029,920.625,1642427471540348,5.2768939103266055,-55.5
B029,920.625,1642427471549045,5.270757987175063,-55.5
B029,920.625,1642427471559024,5.289165756629691,-55.5
B029,920.625,1642427471567578,5.283029833478148,-55.5
B029,920.625,1642427471574708,5.246214294568893,-55.5
B029,920.625,1642427471586098,5.258486140871978,-55.5
B029,920.625,1642427471595263,5.2768939103266055,-55.5
B029,920.625,1642427471602491,5.2768939103266055,-55.5
B029,920.625,1642427471610319,5.26462206402352,-56.0
B029,920.625,1642427471618819,5.26462206402352,-55.5
B029,920.625,1642427471629089,5.2768939103266055,-55.5
B029,920.625,1642427471639123,5.283029833478148,-55.5
B029,920.625,1642427471646892,5.2339424482658075,-55.5
B029,920.625,1642427471653782,5.270757987175063,-55.5
B029,920.625,1642427471666361,5.270757987175063,-55.5
B029,920.625,1642427471674187,5.307573526084319,-55.5
B029,920.625,1642427471681763,5.21553467881118,-55.0
B029,920.625,1642427471692364,5.240078371417351,-55.5
B029,920.625,1642427471703247,5.270757987175063,-55.5
B029,920.625,1642427471711872,5.26462206402352,-55.5
B029,920.625,1642427471721015,5.270757987175063,-55.5
B029,920.625,1642427471729401,5.270757987175063,-56.0
B029,920.625,1642427471738667,5.246214294568893,-55.5
B029,920.625,1642427471746996,5.258486140871978,-55.5
B029,920.625,1642427471755650,5.26462206402352,-55.5
B029,920.625,1642427471766747,5.270757987175063,-55.5
B029,920.625,1642427471774560,5.295301679781233,-55.0
B029,920.625,1642427471783762,5.295301679781233,-55.5
B029,920.625,1642427471792113,5.289165756629691,-55.5
B029,920.625,1642427471798642,5.2768939103266055,-55.5
B029,920.625,1642427471807985,5.270757987175063,-55.5
B029,920.625,1642427471816696,5.270757987175063,-55.5
B029,920.625,1642427471824894,5.26462206402352,-55.0
B029,920.625,1642427471837591,5.289165756629691,-55.5
B029,920.625,1642427471842969,5.270757987175063,-55.5
B029,920.625,1642427471854540,5.252350217720435,-55.5
B029,920.625,1642427471862085,5.283029833478148,-55.5
B029,920.625,1642427471871912,5.2768939103266055,-55.5
B029,920.625,1642427471882779,5.270757987175063,-55.5
B029,920.625,1642427471889734,5.283029833478148,-55.5
B029,920.625,1642427471897574,5.240078371417351,-55.5
B029,920.625,1642427471908703,5.283029833478148,-55.5
B029,920.625,1642427471915018,5.283029833478148,-55.5
B029,920.625,1642427471927491,5.2768939103266055,-55.5
B029,920.625,1642427471935790,5.246214294568893,-56.0
B029,920.625,1642427471944992,5.283029833478148,-55.5
B029,920.625,1642427471953182,5.295301679781233,-55.5
B029,920.625,1642427471962427,5.283029833478148,-55.0
B029,920.625,1642427471969771,5.289165756629691,-55.5
B029,920.625,1642427471980061,5.270757987175063,-55.5
B029,920.625,1642427471990283,5.283029833478148,-55.5
B029,920.625,1642427471997505,5.252350217720435,-55.5
B029,920.625,1642427472008381,5.21553467881118,-55.5
B029,920.625,1642427472017816,5.270757987175063,-55.5
B029,920.625,1642427472026076,5.270757987175063,-55.5
B029,920.625,1642427472034356,5.289165756629691,-55.5
B029,920.625,1642427472044598,5.270757987175063,-55.5
B029,920.625,1642427472053187,5.26462206402352,-55.5
B029,920.625,1642427472058698,5.246214294568893,-55.5
B029,920.625,1642427472071408,5.246214294568893,-55.0
B029,920.625,1642427472078877,5.2339424482658075,-55.5
B029,920.625,1642427472088397,5.313709449235861,-55.5
B029,920.625,1642427472099238,5.227806525114265,-55.0
B029,920.625,1642427472108411,5.252350217720435,-55.5
B029,920.625,1642427472117078,5.270757987175063,-55.5
B029,920.625,1642427472124798,5.26462206402352,-55.0
B029,920.625,1642427472130323,5.252350217720435,-56.0
B029,920.625,1642427472143097,5.246214294568893,-55.5
B029,920.625,1642427472149170,5.283029833478148,-55.5
B029,920.625,1642427472159457,5.252350217720435,-55.5
B029,920.625,1642427472169154,5.295301679781233,-55.5
B029,920.625,1642427472177448,5.313709449235861,-55.5
B029,920.625,1642427472187797,5.26462206402352,-55.5
B029,920.625,1642427472197847,5.26462206402352,-55.5
B029,920.625,1642427472204446,5.2768939103266055,-55.5
B029,920.625,1642427472213176,5.270757987175063,-55.5
B029,920.625,1642427472219825,5.240078371417351,-55.5
B029,920.625,1642427472228775,5.307573526084319,-55.5
B029,920.625,1642427472241897,5.2339424482658075,-55.0
B029,920.625,1642427472250536,5.344389064993574,-55.5
B029,920.625,1642427472257609,5.258486140871978,-55.0
B029,920.625,1642427472269243,5.21553467881118,-55.0
B029,920.625,1642427472273882,5.338253141842031,-55.5
B029,920.625,1642427472287693,5.325981295538946,-55.5
B029,920.625,1642427472295965,5.252350217720435,-56.0
B029,920.625,1642427472301368,5.3198453723874035,-56.0
B029,920.625,1642427472313134,5.227806525114265,-55.0
B029,920.625,1642427472322950,5.325981295538946,-55.5
B029,920.625,1642427472331456,5.289165756629691,-55.5
B029,920.625,1642427472339291,5.209398755659637,-55.0
B029,920.625,1642427472349296,5.2768939103266055,-55.5
B029,920.625,1642427472355850,5.295301679781233,-55.5
B029,920.625,1642427472367200,5.2339424482658075,-55.5
B029,920.625,1642427472372987,5.26462206402352,-55.5
B029,920.625,1642427472382999,5.252350217720435,-55.5
B029,920.625,1642427472390559,5.2768939103266055,-56.0
B029,920.625,1642427472400826,5.295301679781233,-55.5
B029,920.625,1642427472412205,5.26462206402352,-55.0
B029,920.625,1642427472420479,5.283029833478148,-55.5
B029,920.625,1642427472428807,5.270757987175063,-55.5
B029,920.625,1642427472435169,5.283029833478148,-56.0
B029,920.625,1642427472446614,5.270757987175063,-55.5
B029,920.625,1642427472457521,5.295301679781233,-55.5
B029,920.625,1642427472467077,5.26462206402352,-55.5
B029,920.625,1642427472472302,5.289165756629691,-55.5
B029,920.625,1642427472482346,5.368932757599744,-55.5
B029,920.625,1642427472489734,5.26462206402352,-55.5
B029,920.625,1642427472500295,5.2768939103266055,-55.0
B029,920.625,1642427472509189,5.313709449235861,-56.0
B029,920.625,1642427472516334,5.240078371417351,-56.0
B029,920.625,1642427472527628,5.307573526084319,-55.5
B029,920.625,1642427472534380,5.283029833478148,-55.5
B029,920.625,1642427472545466,5.270757987175063,-55.5
B029,920.625,1642427472554065,5.2768939103266055,-55.5
B029,920.625,1642427472562986,5.283029833478148,-55.5
B029,920.625,1642427472573053,5.252350217720435,-55.5
B029,920.625,1642427472581931,5.301437602932776,-55.5
B029,920.625,1642427472590957,5.2768939103266055,-56.0
B029,920.625,1642427472597507,5.240078371417351,-55.0
B029,920.625,1642427472605264,5.240078371417351,-55.0
B029,920.625,1642427472616707,5.338253141842031,-55.5
B029,920.625,1642427472627140,5.197126909356552,-55.0
B029,920.625,1642427472635228,5.270757987175063,-55.0
B029,920.625,1642427472644411,5.289165756629691,-55.0
B029,920.625,1642427472655193,5.246214294568893,-55.5
B029,920.625,1642427472662702,5.313709449235861,-56.0
B029,920.625,1642427472668457,5.26462206402352,-55.5
B029,920.625,1642427472678780,5.307573526084319,-55.0
B029,920.625,1642427472687999,5.338253141842031,-55.5
B029,920.625,1642427472697811,5.252350217720435,-55.0
B029,920.625,1642427472708307,5.270757987175063,-55.5
B029,920.625,1642427472715296,5.301437602932776,-55.5
B029,921.125,1642427472731946,5.442563835418255,-56.0
B029,921.125,1642427472739519,5.4671075280244255,-56.0
B029,921.125,1642427472747077,5.436427912266712,-56.0
B029,921.125,1642427472757346,5.4671075280244255,-56.5
B029,921.125,1642427472766682,5.45483568172134,-56.0
B029,921.125,1642427472775641,5.485515297479052,-56.5
B029,921.125,1642427472785402,5.424156065963627,-56.0
B029,921.125,1642427472793234,5.442563835418255,-56.0
B029,921.125,1642427472805000,5.47937937432751,-56.5
B029,921.125,1642427472811292,5.45483568172134,-56.5
B029,921.125,1642427472819897,5.460971604872882,-56.5
B029,921.125,1642427472828038,5.442563835418255,-56.0
B029,921.125,1642427472838902,5.473243451175968,-56.5
B029,921.125,1642427472848145,5.45483568172134,-56.0
B029,921.125,1642427472858431,5.497787143782138,-56.0
B029,921.125,1642427472866280,5.418020142812084,-56.0
B029,921.125,1642427472875644,5.491651220630596,-56.0
B029,921.125,1642427472882552,5.460971604872882,-56.5
B029,921.125,1642427472892445,5.473243451175968,-56.5
B029,921.125,1642427472903356,5.45483568172134,-56.0
B029,921.125,1642427472909189,5.45483568172134,-56.5
B029,921.125,1642427472917626,5.497787143782138,-56.5
B029,921.125,1642427472929533,5.460971604872882,-56.5
B029,921.125,1642427472939165,5.50392306693368,-56.0
B029,921.125,1642427472950028,5.448699758569798,-56.5
B029,921.125,1642427472962093,5.424156065963627,-56.0
B029,921.125,1642427472978410,5.436427912266712,-56.0
B029,921.125,1642427472990727,5.436427912266712,-56.0
B029,921.125,1642427473001383,5.497787143782138,-56.0
B029,921.125,1642427473012282,5.45483568172134,-56.5
B029,921.125,1642427473018171,5.448699758569798,-56.5
B029,921.125,1642427473027568,5.516194913236766,-56.5
B029,921.125,1642427473036491,5.442563835418255,-56.5
B029,921.125,1642427473048187,5.473243451175968,-56.0
B029,921.125,1642427473058420,5.4671075280244255,-56.5
B029,921.125,1642427473063838,5.45483568172134,-56.5
B029,921.125,1642427473075248,5.4671075280244255,-56.0
B029,921.125,1642427473083629,5.491651220630596,-56.0
B029,921.125,1642427473091547,5.460971604872882,-56.0
B029,921.125,1642427473104057,5.448699758569798,-56.5
B029,921.125,1642427473112126,5.4671075280244255,-56.0
B029,921.125,1642427473121584,5.43029198911517,-56.0
B029,921.125,1642427473129129,5.45483568172134,-56.0
B029,921.125,1642427473140043,5.442563835418255,-56.5
B029,921.125,1642427473148955,5.424156065963627,-56.0
B029,921.125,1642427473155315,5.4671075280244255,-56.0
B029,921.125,1642427473166175,5.45483568172134,-56.5
B029,921.125,1642427473173438,5.424156065963627,-56.0
B029,921.125,1642427473181609,5.43029198911517,-56.0
B029,921.125,1642427473191191,5.436427912266712,-56.0
B029,921.125,1642427473198939,5.460971604872882,-56.5
B029,921.125,1642427473208262,5.442563835418255,-56.0
B029,921.125,1642427473217186,5.473243451175968,-56.0
B029,921.125,1642427473227424,5.436427912266712,-56.0
B029,921.125,1642427473234213,5.47937937432751,-56.5
B029,921.125,1642427473243212,5.45483568172134,-56.5
B029,921.125,1642427473254801,5.473243451175968,-56.5
B029,921.125,1642427473264004,5.45483568172134,-56.0
B029,921.125,1642427473269536,5.45483568172134,-56.5
B029,921.125,1642427473283067,5.45483568172134,-56.0
B029,921.125,1642427473291714,5.473243451175968,-56.0
B029,921.125,1642427473299799,5.460971604872882,-56.0
B029,921.125,1642427473310923,5.424156065963627,-56.5
B029,921.125,1642427473319264,5.460971604872882,-56.0
B029,921.125,1642427473327976,5.473243451175968,-56.0
B029,921.125,1642427473337378,5.45483568172134,-56.0
B029,921.125,1642427473346783,5.442563835418255,-56.5
B029,921.125,1642427473355469,5.448699758569798,-56.0
B029,921.125,1642427473363555,5.473243451175968,-56.5
B029,921.125,1642427473371682,5.4671075280244255,-56.0
B029,921.125,1642427473378863,5.460971604872882,-56.5
B029,921.125,1642427473388052,5.442563835418255,-56.0
B029,921.125,1642427473399401,5.424156065963627,-56.0
B029,921.125,1642427473410592,5.4671075280244255,-56.0
B029,921.125,1642427473414632,5.497787143782138,-56.5
B029,921.125,1642427473428384,5.460971604872882,-56.0
B029,921.125,1642427473436716,5.448699758569798,-56.0
B029,921.125,1642427473443738,5.43029198911517,-56.5
B029,921.125,1642427473457942,5.491651220630596,-56.5
B029,921.125,1642427473475146,5.43029198911517,-56.5
B029,921.125,1642427473487216,5.485515297479052,-56.0
B029,921.125,1642427473492398,5.4671075280244255,-56.0
B029,921.125,1642427473505707,5.460971604872882,-56.0
B029,921.125,1642427473514739,5.442563835418255,-56.0
B029,921.125,1642427473529116,5.460971604872882,-56.0
B029,921.125,1642427473541262,5.448699758569798,-56.0
B029,921.125,1642427473550648,5.442563835418255,-56.5
B029,921.125,1642427473560803,5.4671075280244255,-56.5
B029,921.125,1642427473568823,5.4671075280244255,-56.5
B029,921.125,1642427473577623,5.448699758569798,-56.0
B029,921.125,1642427473588964,5.448699758569798,-56.0
B029,921.125,1642427473597335,5.43029198911517,-56.5
B029,921.125,1642427473606857,5.460971604872882,-56.5
B029,921.125,1642427473616038,5.43029198911517,-56.5
B029,921.125,1642427473624512,5.45483568172134,-56.0
B029,921.125,1642427473633477,5.436427912266712,-56.0
B029,921.125,1642427473640878,5.460971604872882,-56.5
B029,921.125,1642427473650060,5.45483568172134,-56.0
B029,921.125,1642427473661529,5.442563835418255,-56.5
B029,921.125,1642427473667213,5.448699758569798,-56.5
B029,921.125,1642427473678182,5.418020142812084,-56.0
B029,921.125,1642427473686053,5.45483568172134,-56.0
B029,921.125,1642427473694997,5.405748296509,-56.5
B029,921.125,1642427473704314,5.45483568172134,-56.5
B029,921.125,1642427473711015,5.436427912266712,-56.0
B029,921.125,1642427473723838,5.436427912266712,-56.0
B029,921.125,1642427473732750,5.473243451175968,-56.0
B029,921.125,1642427473739774,5.424156065963627,-56.0
B029,921.125,1642427473747091,5.442563835418255,-56.0
B029,921.125,1642427473759746,5.473243451175968,-56.5
B029,921.125,1642427473766734,5.4671075280244255,-56.0
B029,921.125,1642427473777846,5.418020142812084,-56.5
B029,921.125,1642427473784856,5.448699758569798,-56.5
B029,921.125,1642427473795129,5.43029198911517,-56.0
B029,921.125,1642427473801694,5.485515297479052,-56.0
B029,921.125,1642427473810864,5.436427912266712,-56.5
B029,921.125,1642427473820148,5.4671075280244255,-56.5
B029,921.125,1642427473828311,5.4671075280244255,-56.5
B029,921.125,1642427473842696,5.448699758569798,-56.5
B029,921.125,1642427473848351,5.442563835418255,-56.0
B029,921.125,1642427473856155,5.442563835418255,-56.0
B029,921.125,1642427473864350,5.473243451175968,-56.5
B029,921.125,1642427473875131,5.45483568172134,-56.0
B029,921.125,1642427473884060,5.473243451175968,-56.5
B029,921.125,1642427473896256,5.424156065963627,-56.0
B029,921.125,1642427473904294,5.442563835418255,-56.0
B029,921.125,1642427473914361,5.45483568172134,-56.5
B029,921.125,1642427473919152,5.442563835418255,-56.0
B029,921.125,1642427473929387,5.448699758569798,-56.0
B029,921.125,1642427473938613,5.436427912266712,-56.0
B029,921.125,1642427473948623,5.491651220630596,-56.0
B029,921.125,1642427473957993,5.424156065963627,-56.0
B029,921.125,1642427473967386,5.448699758569798,-56.0
B029,921.125,1642427473974437,5.45483568172134,-56.5
B029,921.125,1642427473985626,5.424156065963627,-56.0
B029,921.125,1642427473993093,5.442563835418255,-56.0
B029,921.125,1642427474004478,5.491651220630596,-56.0
B029,921.125,1642427474012871,5.442563835418255,-56.0
B029,921.125,1642427474022938,5.436427912266712,-56.0
B029,921.125,1642427474034128,5.47937937432751,-56.0
B029,921.125,1642427474043291,5.47937937432751,-56.5
B029,921.125,1642427474051325,5.4671075280244255,-56.0
B029,921.125,1642427474063506,5.45483568172134,-56.5
B029,921.125,1642427474075328,5.45483568172134,-56.0
B029,921.125,1642427474084526,5.460971604872882,-56.5
B029,921.125,1642427474094996,5.460971604872882,-56.0
B029,921.125,1642427474104105,5.45483568172134,-56.0
B029,921.125,1642427474112480,5.418020142812084,-56.0
B029,921.125,1642427474122267,5.448699758569798,-56.0
B029,921.125,1642427474127716,5.460971604872882,-56.0
B029,921.125,1642427474139960,5.45483568172134,-56.5
B029,921.125,1642427474146698,5.436427912266712,-56.5
B029,921.125,1642427474156394,5.424156065963627,-56.0
B029,921.125,1642427474165954,5.448699758569798,-56.5
B029,921.125,1642427474176166,5.460971604872882,-56.5
B029,921.125,1642427474184770,5.436427912266712,-56.0
B029,921.125,1642427474193682,5.448699758569798,-56.0
B029,921.125,1642427474202270,5.436427912266712,-56.5
B029,921.125,1642427474210949,5.442563835418255,-56.0
B029,921.125,1642427474221521,5.45483568172134,-56.5
B029,921.125,1642427474227988,5.442563835418255,-56.0
B029,921.125,1642427474236961,5.448699758569798,-56.0
B029,921.125,1642427474246560,5.4671075280244255,-56.5
B029,921.125,1642427474257446,5.4671075280244255,-56.0
B029,921.125,1642427474265507,5.4671075280244255,-56.0
B029,921.125,1642427474274233,5.442563835418255,-56.5
B029,921.125,1642427474281799,5.485515297479052,-56.5
B029,921.125,1642427474292470,5.448699758569798,-56.0
B029,921.125,1642427474300290,5.491651220630596,-56.0
B029,921.125,1642427474311427,5.473243451175968,-56.5
B029,921.125,1642427474319228,5.442563835418255,-56.0
B029,921.125,1642427474326814,5.442563835418255,-56.0
B029,921.125,1642427474338288,5.473243451175968,-56.5
B029,921.125,1642427474344822,5.460971604872882,-56.0
B029,921.125,1642427474356684,5.4671075280244255,-56.5
B029,921.125,1642427474361877,5.47937937432751,-56.5
B029,921.125,1642427474375458,5.411884219660542,-56.5
B029,921.125,1642427474381766,5.442563835418255,-56.5
B029,921.125,1642427474392632,5.448699758569798,-56.0
B029,921.125,1642427474401893,5.448699758569798,-56.5
B029,921.125,1642427474407535,5.45483568172134,-56.0
B029,921.125,1642427474420798,5.47937937432751,-56.0
B029,921.125,1642427474429716,5.473243451175968,-56.5
B029,921.125,1642427474433805,5.4671075280244255,-56.0
B029,921.125,1642427474446809,5.473243451175968,-56.5
B029,921.125,1642427474455494,5.43029198911517,-56.0
B029,921.125,1642427474462642,5.45483568172134,-56.0
B029,921.125,1642427474473878,5.442563835418255,-56.0
B029,921.125,1642427474481655,5.460971604872882,-56.0
B029,921.125,1642427474491689,5.442563835418255,-56.0
B029,921.125,1642427474499857,5.460971604872882,-56.5
B029,921.125,1642427474508459,5.522330836388308,-56.0
B029,921.125,1642427474516633,5.43029198911517,-56.5
B029,921.125,1642427474527782,5.4671075280244255,-56.5
B029,921.125,1642427474533377,5.45483568172134,-56.5
B029,921.125,1642427474544135,5.45483568172134,-56.5
B029,921.125,1642427474552996,5.436427912266712,-56.0
B029,921.125,1642427474562898,5.436427912266712,-56.0
B029,921.125,1642427474569714,5.45483568172134,-56.0
B029,921.125,1642427474578801,5.485515297479052,-56.0
B029,921.125,1642427474591332,5.448699758569798,-56.5
B029,921.125,1642427474599223,5.436427912266712,-56.0
B029,921.125,1642427474607399,5.424156065963627,-56.5
B029,921.125,1642427474616744,5.4671075280244255,-56.5
B029,921.625,1642427474630751,5.66959299202533,-56.0
B029,921.625,1642427474640553,5.64504929941916,-56.0
B029,921.625,1642427474650721,5.6573211457222445,-56.0
B029,921.625,1642427474660859,5.638913376267617,-56.0
B029,921.625,1642427474779184,5.651185222570702,-56.5
